<profile version="1.0">
  <option name="myName" value="Default" />
  <inspection_tool class="PyPackageRequirementsInspection" enabled="true" level="WARNING" enabled_by_default="true">
    <option name="ignoredPackages">
      <value>
        <list size="8">
          <item index="0" class="java.lang.String" itemvalue="boto3" />
          <item index="1" class="java.lang.String" itemvalue="paramiko" />
          <item index="2" class="java.lang.String" itemvalue="seaborn" />
          <item index="3" class="java.lang.String" itemvalue="conda-build" />
          <item index="4" class="java.lang.String" itemvalue="s3fs" />
          <item index="5" class="java.lang.String" itemvalue="jupyterlab" />
          <item index="6" class="java.lang.String" itemvalue="mkl" />
          <item index="7" class="java.lang.String" itemvalue="mkl-service" />
        </list>
      </value>
    </option>
  </inspection_tool>
</profile>