<application>
  <component name="com.intellij.ide.ui.customization.CustomActionsSchema">
    <group value="space.actions.MainToolbarActionGroup" is_group="true" action_type="-1" position="15">
      <path value="root" />
      <path value="Main Toolbar" />
      <option name="myInitialPosition" value="-1" />
    </group>
    <group value="tasks.toolbar" is_group="true" action_type="-1" position="14">
      <path value="root" />
      <path value="Main Toolbar" />
      <option name="myInitialPosition" value="-1" />
    </group>
    <group value="SearchEverywhere" is_action="true" action_type="-1" position="12">
      <path value="root" />
      <path value="Main Toolbar" />
      <option name="myInitialPosition" value="-1" />
    </group>
    <group seperator="true" action_type="-1" position="11">
      <path value="root" />
      <path value="Main Toolbar" />
      <option name="myInitialPosition" value="-1" />
    </group>
    <group value="MainToolBarSettings" is_group="true" action_type="-1" position="10">
      <path value="root" />
      <path value="Main Toolbar" />
      <option name="myInitialPosition" value="-1" />
    </group>
    <group value="ToolbarRunGroup" is_group="true" action_type="-1" position="1">
      <path value="root" />
      <path value="Navigation Bar Toolbar" />
      <option name="myInitialPosition" value="-1" />
    </group>
    <group value="ToolbarRunGroup" is_group="true" action_type="1" position="6">
      <path value="root" />
      <path value="Navigation Bar Toolbar" />
      <option name="myInitialPosition" value="-1" />
    </group>
    <group seperator="true" action_type="1" position="8">
      <path value="root" />
      <path value="Main Toolbar" />
      <option name="myInitialPosition" value="-1" />
    </group>
    <group value="SearchEverywhere" is_action="true" action_type="1" position="9">
      <path value="root" />
      <path value="Main Toolbar" />
      <option name="myInitialPosition" value="-1" />
    </group>
    <group seperator="true" action_type="1" position="10">
      <path value="root" />
      <path value="Main Toolbar" />
      <option name="myInitialPosition" value="-1" />
    </group>
  </component>
</application>